{
  "version": 2,
  "builds": [
    {
      "src": "app.js",
      "use": "@vercel/node"
    },
    {
      "src": "public/**",
      "use": "@vercel/static"
    }
  ],
  "routes": [
    {
      "handle": "filesystem"
    },
    {
      "src": "/css/(.*)",
      "dest": "/public/css/$1"
    },
    {
      "src": "/images/(.*)",
      "dest": "/public/images/$1"
    },
    {
      "src": "/js/(.*)",
      "dest": "/public/js/$1"
    },
    {
      "src": "/(.*)",
      "dest": "app.js"
    }
  ]
} 